,Amplitude
0,410.0
1,410.0
2,411.0
3,411.0
4,411.0
5,411.0
6,411.0
7,411.0
8,411.0
9,411.0
10,411.0
11,412.0
12,412.0
13,411.0
14,411.0
15,411.0
16,412.0
17,411.0
18,412.0
19,412.0
20,412.0
21,412.0
22,412.0
23,412.0
24,412.0
25,412.0
26,412.0
27,412.0
28,412.0
29,413.0
30,413.0
31,412.0
32,413.0
33,412.0
34,412.0
35,412.0
36,413.0
37,413.0
38,413.0
39,413.0
40,413.0
41,413.0
42,413.0
43,413.0
44,413.0
45,413.0
46,413.0
47,413.0
48,413.0
49,413.0
50,413.0
51,413.0
52,413.0
53,413.0
54,414.0
55,413.0
56,414.0
57,413.0
58,414.0
59,414.0
60,413.0
61,414.0
62,414.0
63,414.0
64,414.0
65,414.0
66,414.0
67,414.0
68,414.0
69,414.0
70,414.0
71,414.0
72,414.0
73,414.0
74,414.0
75,414.0
76,414.0
77,414.0
78,415.0
79,414.0
80,415.0
81,414.0
82,414.0
83,414.0
84,414.0
85,414.0
86,414.0
87,415.0
88,415.0
89,415.0
90,415.0
91,414.0
92,414.0
93,414.0
94,415.0
95,414.0
96,414.0
97,415.0
98,415.0
99,414.0
100,415.0
101,414.0
102,415.0
103,415.0
104,415.0
105,415.0
106,414.0
107,415.0
108,415.0
109,415.0
110,415.0
111,414.0
112,415.0
113,414.0
114,415.0
115,415.0
116,415.0
117,415.0
118,414.0
119,414.0
120,415.0
121,415.0
122,415.0
123,415.0
124,415.0
125,415.0
126,415.0
127,414.0
128,415.0
129,415.0
130,414.0
131,415.0
132,414.0
133,415.0
134,415.0
135,415.0
136,414.0
137,414.0
138,415.0
139,414.0
140,415.0
141,414.0
142,414.0
143,414.0
144,414.0
145,414.0
146,414.0
147,414.0
148,414.0
149,414.0
150,414.0
151,414.0
152,414.0
153,414.0
154,414.0
155,414.0
156,414.0
157,414.0
158,414.0
159,414.0
160,414.0
161,413.0
162,414.0
163,414.0
164,414.0
165,414.0
166,414.0
167,414.0
168,414.0
169,413.0
170,414.0
171,413.0
172,414.0
173,413.0
174,413.0
175,413.0
176,413.0
177,413.0
178,413.0
179,413.0
180,414.0
181,413.0
182,414.0
183,413.0
184,413.0
185,413.0
186,413.0
187,413.0
188,413.0
189,412.0
190,413.0
191,413.0
192,413.0
193,413.0
194,413.0
195,413.0
196,412.0
197,412.0
198,412.0
199,412.0
200,412.0
201,412.0
202,412.0
203,412.0
204,412.0
205,412.0
206,412.0
207,412.0
208,412.0
209,412.0
210,412.0
211,412.0
212,411.0
213,412.0
214,412.0
215,411.0
216,411.0
217,411.0
218,411.0
219,411.0
220,411.0
221,411.0
222,411.0
223,411.0
224,411.0
225,411.0
226,411.0
227,410.0
228,411.0
229,410.0
230,411.0
231,410.0
232,410.0
233,410.0
234,410.0
235,410.0
236,410.0
237,410.0
238,410.0
239,410.0
240,410.0
241,410.0
242,410.0
243,409.0
244,410.0
245,410.0
246,410.0
247,409.0
248,409.0
249,409.0
250,409.0
251,409.0
252,409.0
253,409.0
254,409.0
255,409.0
256,409.0
257,408.0
258,409.0
259,408.0
260,408.0
261,408.0
262,408.0
263,408.0
264,408.0
265,408.0
266,408.0
267,408.0
268,408.0
269,407.0
270,408.0
271,408.0
272,407.0
273,407.0
274,407.0
275,407.0
276,407.0
277,407.0
278,407.0
279,407.0
280,407.0
281,407.0
282,407.0
283,407.0
284,407.0
285,406.0
286,406.0
287,406.0
288,406.0
289,406.0
290,406.0
291,406.0
292,406.0
293,406.0
294,406.0
295,405.0
296,405.0
297,406.0
298,405.0
299,405.0
300,405.0
301,405.0
302,405.0
303,405.0
304,405.0
305,405.0
306,405.0
307,405.0
308,404.0
309,405.0
310,404.0
311,404.0
312,404.0
313,405.0
314,404.0
315,404.0
316,404.0
317,404.0
318,404.0
319,404.0
320,403.0
321,403.0
322,403.0
323,403.0
324,403.0
325,403.0
326,403.0
327,403.0
328,403.0
329,403.0
330,403.0
331,403.0
332,403.0
333,402.0
334,402.0
335,402.0
336,402.0
337,402.0
338,402.0
339,402.0
340,402.0
341,402.0
342,401.0
343,402.0
344,402.0
345,402.0
346,402.0
347,401.0
348,401.0
349,401.0
350,401.0
351,401.0
352,401.0
353,401.0
354,401.0
355,401.0
356,401.0
357,400.0
358,401.0
359,401.0
360,400.0
361,401.0
362,400.0
363,400.0
364,400.0
365,400.0
366,400.0
367,400.0
368,400.0
369,400.0
370,400.0
371,399.0
372,400.0
373,400.0
374,400.0
375,399.0
376,399.0
377,399.0
378,399.0
379,399.0
380,399.0
381,399.0
382,399.0
383,399.0
384,399.0
385,399.0
386,398.0
387,399.0
388,398.0
389,399.0
390,398.0
391,398.0
392,398.0
393,398.0
394,398.0
395,398.0
396,398.0
397,398.0
398,398.0
399,398.0
400,398.0
401,398.0
402,398.0
403,397.0
404,398.0
405,397.0
406,397.0
407,397.0
408,397.0
409,397.0
410,397.0
411,397.0
412,397.0
413,397.0
414,397.0
415,397.0
416,397.0
417,397.0
418,397.0
419,396.0
420,397.0
421,396.0
422,396.0
423,396.0
424,396.0
425,397.0
426,396.0
427,396.0
428,396.0
429,396.0
430,396.0
431,396.0
432,396.0
433,396.0
434,396.0
435,396.0
436,396.0
437,396.0
438,396.0
439,396.0
440,395.0
441,395.0
442,396.0
443,396.0
444,395.0
445,395.0
446,396.0
447,395.0
448,395.0
449,395.0
450,395.0
451,395.0
452,395.0
453,395.0
454,395.0
455,395.0
456,395.0
457,395.0
458,395.0
459,395.0
460,395.0
461,395.0
462,395.0
463,394.0
464,395.0
465,395.0
466,395.0
467,395.0
468,395.0
469,395.0
470,395.0
471,395.0
472,395.0
473,395.0
474,395.0
475,395.0
476,395.0
477,394.0
478,394.0
479,395.0
480,394.0
481,395.0
482,395.0
483,395.0
484,394.0
485,394.0
486,394.0
487,395.0
488,394.0
489,394.0
490,394.0
491,395.0
492,395.0
493,394.0
494,395.0
495,395.0
496,395.0
497,394.0
498,394.0
499,394.0
500,394.0
501,394.0
502,394.0
503,394.0
504,394.0
505,394.0
506,394.0
507,394.0
508,395.0
509,394.0
510,394.0
511,394.0
512,394.0
513,394.0
514,394.0
515,394.0
516,394.0
517,395.0
518,394.0
519,394.0
520,394.0
521,394.0
522,395.0
523,395.0
524,394.0
525,395.0
526,395.0
527,394.0
528,394.0
529,394.0
530,395.0
531,395.0
532,394.0
533,395.0
534,395.0
535,395.0
536,395.0
537,395.0
538,395.0
539,395.0
540,395.0
541,395.0
542,395.0
543,395.0
544,395.0
545,395.0
546,395.0
547,395.0
548,395.0
549,395.0
550,395.0
551,395.0
552,395.0
553,395.0
554,395.0
555,395.0
556,395.0
557,395.0
558,395.0
559,395.0
560,396.0
561,395.0
562,395.0
563,396.0
564,395.0
565,395.0
566,396.0
567,396.0
568,395.0
569,395.0
570,395.0
571,396.0
572,396.0
573,396.0
574,396.0
575,396.0
576,396.0
577,397.0
578,396.0
579,396.0
580,396.0
581,396.0
582,396.0
583,396.0
584,396.0
585,396.0
586,396.0
587,396.0
588,397.0
589,396.0
590,397.0
591,396.0
592,397.0
593,397.0
594,397.0
595,397.0
596,397.0
597,397.0
598,397.0
599,397.0
600,397.0
601,397.0
602,397.0
603,398.0
604,397.0
605,397.0
606,398.0
607,398.0
608,398.0
609,398.0
610,398.0
611,398.0
612,398.0
613,398.0
614,398.0
615,398.0
616,398.0
617,398.0
618,398.0
619,398.0
620,398.0
621,398.0
622,398.0
623,399.0
624,399.0
625,399.0
626,399.0
627,399.0
628,399.0
629,399.0
630,399.0
631,399.0
632,399.0
633,399.0
634,399.0
635,400.0
636,400.0
637,399.0
638,400.0
639,400.0
640,400.0
641,400.0
642,400.0
643,400.0
644,400.0
645,400.0
646,400.0
647,400.0
648,400.0
649,401.0
650,400.0
651,401.0
652,401.0
653,401.0
654,401.0
655,401.0
656,401.0
657,401.0
658,401.0
659,401.0
660,401.0
661,401.0
662,401.0
663,401.0
664,401.0
665,401.0
666,402.0
667,402.0
668,401.0
669,402.0
670,402.0
671,402.0
672,402.0
673,402.0
674,402.0
675,402.0
676,402.0
677,403.0
678,403.0
679,403.0
680,403.0
681,403.0
682,403.0
683,403.0
684,403.0
685,403.0
686,403.0
687,403.0
688,403.0
689,404.0
690,404.0
691,404.0
692,404.0
693,404.0
694,404.0
695,404.0
696,404.0
697,404.0
698,404.0
699,405.0
700,405.0
701,405.0
702,404.0
703,405.0
704,405.0
705,405.0
706,405.0
707,405.0
708,405.0
709,405.0
710,405.0
711,405.0
712,405.0
713,406.0
714,406.0
715,406.0
716,406.0
717,406.0
718,406.0
719,406.0
720,406.0
721,406.0
722,406.0
723,406.0
724,406.0
725,407.0
726,406.0
727,407.0
728,407.0
729,407.0
730,407.0
731,407.0
732,407.0
733,407.0
734,407.0
735,407.0
736,407.0
737,407.0
738,407.0
739,407.0
740,408.0
741,408.0
742,408.0
743,408.0
744,408.0
745,408.0
746,408.0
747,408.0
748,408.0
749,408.0
750,408.0
751,408.0
752,409.0
753,408.0
754,409.0
755,409.0
756,409.0
757,409.0
758,409.0
759,409.0
760,409.0
761,409.0
762,409.0
763,409.0
764,409.0
765,410.0
766,410.0
767,410.0
768,410.0
769,410.0
770,410.0
771,410.0
772,410.0
773,410.0
774,410.0
775,410.0
776,410.0
777,410.0
778,410.0
779,410.0
780,411.0
781,411.0
782,411.0
783,411.0
784,411.0
785,411.0
786,411.0
787,411.0
788,411.0
789,411.0
790,411.0
791,411.0
792,411.0
793,411.0
794,411.0
795,412.0
796,412.0
797,411.0
798,411.0
799,411.0
800,412.0
801,412.0
802,412.0
803,412.0
804,412.0
805,412.0
806,412.0
807,412.0
808,412.0
809,412.0
810,412.0
811,413.0
812,412.0
813,412.0
814,412.0
815,412.0
816,412.0
817,413.0
818,413.0
819,413.0
820,413.0
821,413.0
822,413.0
823,413.0
824,413.0
825,413.0
826,413.0
827,413.0
828,413.0
829,413.0
830,413.0
831,413.0
832,413.0
833,413.0
834,413.0
835,414.0
836,414.0
837,413.0
838,414.0
839,414.0
840,414.0
841,413.0
842,413.0
843,414.0
844,414.0
845,413.0
846,414.0
847,414.0
848,414.0
849,414.0
850,414.0
851,415.0
852,414.0
853,414.0
854,414.0
855,414.0
856,414.0
857,414.0
858,414.0
859,414.0
860,414.0
861,414.0
862,414.0
863,414.0
864,414.0
865,414.0
866,414.0
867,414.0
868,414.0
869,414.0
870,414.0
871,414.0
872,415.0
873,414.0
874,414.0
875,415.0
876,414.0
877,414.0
878,414.0
879,414.0
880,414.0
881,414.0
882,414.0
883,415.0
884,415.0
885,414.0
886,414.0
887,414.0
888,415.0
889,415.0
890,414.0
891,415.0
892,415.0
893,414.0
894,414.0
895,415.0
896,415.0
897,415.0
898,415.0
899,415.0
900,415.0
901,415.0
902,415.0
903,415.0
904,414.0
905,415.0
906,414.0
907,415.0
908,415.0
909,415.0
910,415.0
911,415.0
912,415.0
913,414.0
914,415.0
915,415.0
916,415.0
917,414.0
918,414.0
919,414.0
920,414.0
921,414.0
922,414.0
923,414.0
924,415.0
925,414.0
926,414.0
927,414.0
928,414.0
929,414.0
930,414.0
931,414.0
932,414.0
933,414.0
934,414.0
935,414.0
936,414.0
937,414.0
938,414.0
939,414.0
940,414.0
941,414.0
942,413.0
943,414.0
944,414.0
945,414.0
946,414.0
947,414.0
948,414.0
949,414.0
950,414.0
951,413.0
952,414.0
953,414.0
954,413.0
955,414.0
956,414.0
957,413.0
958,413.0
959,413.0
960,413.0
961,414.0
962,413.0
963,413.0
964,413.0
965,413.0
966,413.0
967,413.0
968,413.0
969,413.0
970,413.0
971,413.0
972,413.0
973,413.0
974,413.0
975,412.0
976,413.0
977,412.0
978,413.0
979,413.0
980,413.0
981,412.0
982,412.0
983,412.0
984,412.0
985,412.0
986,412.0
987,412.0
988,412.0
989,412.0
990,412.0
991,412.0
992,412.0
993,412.0
994,411.0
995,412.0
996,411.0
997,412.0
998,411.0
999,411.0
1000,411.0
1001,411.0
1002,411.0
1003,411.0
1004,411.0
1005,411.0
1006,411.0
1007,411.0
1008,411.0
1009,411.0
1010,410.0
1011,410.0
1012,411.0
1013,411.0
1014,410.0
1015,410.0
1016,410.0
1017,410.0
1018,410.0
1019,410.0
1020,410.0
1021,410.0
1022,410.0
1023,410.0
1024,410.0
1025,410.0
1026,409.0
1027,409.0
1028,409.0
1029,410.0
1030,409.0
1031,409.0
1032,409.0
1033,409.0
1034,409.0
1035,409.0
1036,409.0
1037,409.0
1038,409.0
1039,409.0
1040,409.0
1041,408.0
1042,408.0
1043,408.0
1044,408.0
1045,409.0
1046,408.0
1047,408.0
1048,408.0
1049,408.0
1050,408.0
1051,407.0
1052,407.0
1053,408.0
1054,408.0
1055,407.0
1056,408.0
1057,407.0
1058,407.0
1059,407.0
1060,407.0
1061,407.0
1062,407.0
1063,407.0
1064,407.0
1065,406.0
1066,406.0
1067,406.0
1068,407.0
1069,406.0
1070,406.0
1071,406.0
1072,406.0
1073,406.0
1074,406.0
1075,406.0
1076,405.0
1077,406.0
1078,405.0
1079,405.0
1080,405.0
1081,405.0
1082,405.0
1083,405.0
1084,405.0
1085,405.0
1086,405.0
1087,405.0
1088,404.0
1089,404.0
1090,405.0
1091,404.0
1092,404.0
1093,404.0
1094,404.0
1095,404.0
1096,404.0
1097,404.0
1098,404.0
1099,404.0
1100,404.0
1101,403.0
1102,404.0
1103,403.0
1104,403.0
1105,403.0
1106,403.0
1107,403.0
1108,403.0
1109,403.0
1110,403.0
1111,403.0
1112,403.0
1113,403.0
1114,402.0
1115,402.0
1116,402.0
1117,402.0
1118,402.0
1119,403.0
1120,402.0
1121,402.0
1122,402.0
1123,402.0
1124,402.0
1125,402.0
1126,402.0
1127,401.0
1128,402.0
1129,401.0
1130,401.0
1131,401.0
1132,401.0
1133,401.0
1134,401.0
1135,401.0
1136,401.0
1137,401.0
1138,401.0
1139,401.0
1140,401.0
1141,400.0
1142,400.0
1143,400.0
1144,400.0
1145,400.0
1146,400.0
1147,400.0
1148,400.0
1149,400.0
1150,400.0
1151,400.0
1152,400.0
1153,399.0
1154,400.0
1155,399.0
1156,399.0
1157,399.0
1158,399.0
1159,399.0
1160,399.0
1161,399.0
1162,399.0
1163,399.0
1164,399.0
1165,399.0
1166,399.0
1167,399.0
1168,399.0
1169,399.0
1170,398.0
1171,398.0
1172,398.0
1173,398.0
1174,398.0
1175,398.0
1176,398.0
1177,398.0
1178,398.0
1179,398.0
1180,398.0
1181,398.0
1182,398.0
1183,398.0
1184,398.0
1185,397.0
1186,398.0
1187,397.0
1188,398.0
1189,397.0
1190,397.0
1191,397.0
1192,397.0
1193,397.0
1194,397.0
1195,397.0
1196,397.0
1197,397.0
1198,397.0
1199,397.0
1200,397.0
1201,397.0
1202,397.0
1203,396.0
1204,397.0
1205,396.0
1206,396.0
1207,396.0
1208,396.0
1209,396.0
1210,396.0
1211,396.0
1212,396.0
1213,396.0
1214,396.0
1215,396.0
1216,396.0
1217,396.0
1218,396.0
1219,396.0
1220,396.0
1221,396.0
1222,396.0
1223,396.0
1224,396.0
1225,396.0
1226,395.0
1227,395.0
1228,395.0
1229,395.0
1230,395.0
1231,395.0
1232,396.0
1233,395.0
1234,395.0
1235,395.0
1236,395.0
1237,395.0
1238,395.0
1239,395.0
1240,395.0
1241,395.0
1242,395.0
1243,395.0
1244,395.0
1245,395.0
1246,395.0
1247,395.0
1248,395.0
1249,395.0
1250,395.0
1251,395.0
1252,395.0
1253,395.0
1254,395.0
1255,394.0
1256,395.0
1257,394.0
1258,395.0
1259,394.0
1260,394.0
1261,394.0
1262,395.0
1263,395.0
1264,394.0
1265,394.0
1266,395.0
1267,394.0
1268,395.0
1269,394.0
1270,394.0
1271,395.0
1272,395.0
1273,394.0
1274,395.0
1275,394.0
1276,394.0
1277,395.0
1278,395.0
1279,394.0
1280,394.0
1281,395.0
1282,394.0
1283,394.0
1284,394.0
1285,394.0
1286,394.0
1287,394.0
1288,394.0
1289,394.0
1290,395.0
1291,394.0
1292,394.0
1293,394.0
1294,394.0
1295,394.0
1296,394.0
1297,394.0
1298,395.0
1299,394.0
1300,394.0
1301,394.0
1302,394.0
1303,394.0
1304,395.0
1305,395.0
1306,395.0
1307,394.0
1308,394.0
1309,394.0
1310,395.0
1311,394.0
1312,395.0
1313,395.0
1314,394.0
1315,395.0
1316,395.0
1317,394.0
1318,395.0
1319,395.0
1320,395.0
1321,395.0
1322,395.0
1323,395.0
1324,395.0
1325,395.0
1326,395.0
1327,395.0
1328,395.0
1329,395.0
1330,395.0
1331,395.0
1332,395.0
1333,395.0
1334,395.0
1335,395.0
1336,395.0
1337,395.0
1338,395.0
1339,395.0
1340,395.0
1341,395.0
1342,395.0
1343,396.0
1344,395.0
1345,395.0
1346,395.0
1347,395.0
1348,395.0
1349,396.0
1350,396.0
1351,396.0
1352,396.0
1353,396.0
1354,396.0
1355,396.0
1356,396.0
1357,396.0
1358,396.0
1359,396.0
1360,396.0
1361,396.0
1362,396.0
1363,396.0
1364,396.0
1365,396.0
1366,396.0
1367,396.0
1368,397.0
1369,397.0
1370,397.0
1371,397.0
1372,397.0
1373,397.0
1374,397.0
1375,396.0
1376,397.0
1377,397.0
1378,397.0
1379,397.0
1380,397.0
1381,397.0
1382,397.0
1383,397.0
1384,397.0
1385,397.0
1386,397.0
1387,398.0
1388,397.0
1389,398.0
1390,397.0
1391,398.0
1392,398.0
1393,398.0
1394,398.0
1395,398.0
1396,398.0
1397,398.0
1398,398.0
1399,398.0
1400,398.0
1401,398.0
1402,398.0
1403,398.0
1404,398.0
1405,399.0
1406,399.0
1407,399.0
1408,399.0
1409,399.0
1410,399.0
1411,399.0
1412,399.0
1413,399.0
1414,399.0
1415,399.0
1416,400.0
1417,399.0
1418,399.0
1419,400.0
1420,400.0
1421,400.0
1422,399.0
1423,400.0
1424,400.0
1425,400.0
1426,400.0
1427,400.0
1428,400.0
1429,400.0
1430,400.0
1431,400.0
1432,401.0
1433,401.0
1434,401.0
1435,400.0
1436,401.0
1437,401.0
1438,401.0
1439,401.0
1440,401.0
1441,401.0
1442,401.0
1443,401.0
1444,401.0
1445,401.0
1446,402.0
1447,401.0
1448,402.0
1449,402.0
1450,402.0
1451,402.0
1452,402.0
1453,402.0
1454,402.0
1455,402.0
1456,402.0
1457,403.0
1458,403.0
1459,402.0
1460,403.0
1461,403.0
1462,403.0
1463,403.0
1464,403.0
1465,403.0
1466,403.0
1467,403.0
1468,403.0
1469,403.0
1470,404.0
1471,404.0
1472,404.0
1473,404.0
1474,403.0
1475,404.0
1476,404.0
1477,404.0
1478,404.0
1479,404.0
1480,404.0
1481,404.0
1482,404.0
1483,404.0
1484,404.0
1485,405.0
1486,405.0
1487,405.0
1488,405.0
1489,405.0
1490,405.0
1491,405.0
1492,405.0
1493,405.0
1494,405.0
1495,406.0
1496,406.0
1497,406.0
1498,406.0
1499,406.0
1500,406.0
1501,406.0
1502,406.0
1503,406.0
1504,406.0
1505,406.0
1506,406.0
1507,406.0
1508,406.0
1509,407.0
1510,407.0
1511,407.0
1512,407.0
1513,407.0
1514,407.0
1515,407.0
1516,407.0
1517,407.0
1518,407.0
1519,407.0
1520,407.0
1521,407.0
1522,408.0
1523,408.0
1524,408.0
1525,408.0
1526,408.0
1527,408.0
1528,408.0
1529,408.0
1530,408.0
1531,408.0
1532,408.0
1533,409.0
1534,409.0
1535,409.0
1536,409.0
1537,409.0
1538,409.0
1539,409.0
1540,409.0
1541,409.0
1542,409.0
1543,409.0
1544,409.0
1545,409.0
1546,409.0
1547,409.0
1548,410.0
1549,410.0
1550,410.0
1551,410.0
1552,410.0
1553,410.0
1554,410.0
1555,410.0
1556,410.0
1557,410.0
1558,410.0
1559,410.0
1560,411.0
1561,411.0
1562,411.0
1563,410.0
1564,411.0
1565,411.0
1566,411.0
1567,410.0
1568,411.0
1569,411.0
1570,410.0
1571,411.0
1572,411.0
1573,411.0
1574,411.0
1575,412.0
1576,412.0
1577,411.0
1578,412.0
1579,412.0
1580,412.0
1581,412.0
1582,412.0
1583,412.0
1584,412.0
1585,412.0
1586,412.0
1587,412.0
1588,412.0
1589,412.0
1590,412.0
1591,413.0
1592,412.0
1593,413.0
1594,413.0
1595,412.0
1596,412.0
1597,413.0
1598,413.0
1599,413.0
1600,413.0
1601,413.0
1602,413.0
1603,413.0
1604,413.0
1605,413.0
1606,413.0
1607,413.0
1608,413.0
1609,413.0
1610,413.0
1611,414.0
1612,413.0
1613,413.0
1614,413.0
1615,413.0
1616,414.0
1617,413.0
1618,413.0
1619,413.0
1620,414.0
1621,414.0
1622,414.0
1623,413.0
1624,413.0
1625,414.0
1626,414.0
1627,414.0
1628,414.0
1629,414.0
1630,414.0
1631,414.0
1632,414.0
1633,414.0
1634,414.0
1635,414.0
1636,414.0
1637,414.0
1638,414.0
1639,414.0
1640,414.0
1641,414.0
1642,414.0
1643,415.0
1644,414.0
1645,414.0
1646,414.0
1647,414.0
1648,414.0
1649,414.0
1650,414.0
1651,415.0
1652,415.0
1653,415.0
1654,414.0
1655,414.0
1656,414.0
1657,414.0
1658,414.0
1659,415.0
1660,414.0
1661,414.0
1662,414.0
1663,415.0
1664,415.0
1665,415.0
1666,415.0
1667,415.0
1668,415.0
1669,415.0
1670,415.0
1671,415.0
1672,415.0
1673,415.0
1674,414.0
1675,415.0
1676,415.0
1677,415.0
1678,415.0
1679,415.0
1680,415.0
1681,415.0
1682,415.0
1683,415.0
1684,415.0
1685,415.0
1686,415.0
1687,415.0
1688,414.0
1689,415.0
1690,415.0
1691,415.0
1692,415.0
1693,415.0
1694,414.0
1695,415.0
1696,414.0
1697,414.0
1698,414.0
1699,415.0
1700,415.0
1701,414.0
1702,415.0
1703,416.0
1704,415.0
1705,415.0
1706,415.0
1707,415.0
1708,415.0
1709,414.0
1710,414.0
1711,414.0
1712,414.0
1713,414.0
1714,414.0
1715,414.0
1716,414.0
1717,414.0
1718,414.0
1719,414.0
1720,414.0
1721,414.0
1722,414.0
1723,414.0
1724,414.0
1725,414.0
1726,414.0
1727,414.0
1728,414.0
1729,414.0
1730,414.0
1731,414.0
1732,414.0
1733,414.0
1734,414.0
1735,414.0
1736,414.0
1737,414.0
1738,413.0
1739,413.0
1740,413.0
1741,414.0
1742,414.0
1743,413.0
1744,413.0
1745,413.0
1746,413.0
1747,413.0
1748,413.0
1749,413.0
1750,413.0
1751,413.0
1752,413.0
1753,413.0
1754,413.0
1755,413.0
1756,413.0
1757,413.0
1758,412.0
1759,412.0
1760,412.0
1761,412.0
1762,412.0
1763,413.0
1764,412.0
1765,412.0
1766,412.0
1767,412.0
1768,412.0
1769,412.0
1770,412.0
1771,412.0
1772,412.0
1773,412.0
1774,412.0
1775,412.0
1776,411.0
1777,413.0
1778,413.0
1779,413.0
1780,411.0
1781,412.0
1782,411.0
1783,411.0
1784,411.0
1785,411.0
1786,411.0
1787,411.0
1788,411.0
1789,411.0
1790,411.0
1791,411.0
1792,410.0
1793,410.0
1794,410.0
1795,410.0
1796,411.0
1797,410.0
1798,410.0
1799,410.0
1800,410.0
1801,410.0
1802,410.0
1803,410.0
1804,410.0
1805,410.0
1806,410.0
1807,409.0
1808,409.0
1809,409.0
1810,409.0
1811,410.0
1812,409.0
1813,409.0
1814,409.0
1815,409.0
1816,409.0
1817,409.0
1818,409.0
1819,409.0
1820,409.0
1821,409.0
1822,409.0
1823,408.0
1824,408.0
1825,408.0
1826,408.0
1827,408.0
1828,408.0
1829,408.0
1830,408.0
1831,408.0
1832,408.0
1833,408.0
1834,408.0
1835,408.0
1836,408.0
1837,408.0
1838,407.0
1839,407.0
1840,407.0
1841,407.0
1842,407.0
1843,407.0
1844,408.0
1845,408.0
1846,407.0
1847,407.0
1848,407.0
1849,407.0
1850,407.0
1851,407.0
1852,406.0
1853,406.0
1854,406.0
1855,406.0
1856,406.0
1857,406.0
1858,406.0
1859,406.0
1860,405.0
1861,405.0
1862,405.0
1863,405.0
1864,405.0
1865,405.0
1866,405.0
1867,405.0
1868,405.0
1869,405.0
1870,405.0
1871,404.0
1872,404.0
1873,405.0
1874,404.0
1875,404.0
1876,404.0
1877,404.0
1878,404.0
1879,404.0
1880,404.0
1881,404.0
1882,404.0
1883,404.0
1884,404.0
1885,403.0
1886,404.0
1887,404.0
1888,403.0
1889,403.0
1890,403.0
1891,403.0
1892,403.0
1893,403.0
1894,403.0
1895,403.0
1896,403.0
1897,403.0
1898,402.0
1899,402.0
1900,402.0
1901,402.0
1902,402.0
1903,402.0
1904,402.0
1905,402.0
1906,402.0
1907,402.0
1908,402.0
1909,402.0
1910,401.0
1911,401.0
1912,401.0
1913,401.0
1914,401.0
1915,402.0
1916,401.0
1917,401.0
1918,401.0
1919,401.0
1920,401.0
1921,401.0
1922,400.0
1923,401.0
1924,400.0
1925,400.0
1926,400.0
1927,401.0
1928,401.0
1929,401.0
1930,400.0
1931,400.0
1932,400.0
1933,400.0
1934,400.0
1935,400.0
1936,400.0
1937,400.0
1938,400.0
1939,399.0
1940,399.0
1941,399.0
1942,399.0
1943,399.0
1944,399.0
1945,399.0
1946,399.0
1947,399.0
1948,399.0
1949,399.0
1950,399.0
1951,399.0
1952,399.0
1953,399.0
1954,399.0
1955,398.0
1956,398.0
1957,398.0
1958,398.0
1959,398.0
1960,399.0
1961,399.0
1962,399.0
1963,398.0
1964,398.0
1965,398.0
1966,398.0
1967,398.0
1968,398.0
1969,398.0
1970,398.0
1971,397.0
1972,397.0
1973,397.0
1974,397.0
1975,397.0
1976,397.0
1977,397.0
1978,397.0
1979,397.0
1980,397.0
1981,397.0
1982,397.0
1983,397.0
1984,397.0
1985,396.0
1986,396.0
1987,396.0
1988,396.0
1989,396.0
1990,396.0
1991,396.0
1992,396.0
1993,396.0
1994,396.0
1995,397.0
1996,396.0
1997,396.0
1998,396.0
1999,396.0
2000,396.0
2001,396.0
2002,396.0
2003,396.0
2004,396.0
2005,395.0
2006,396.0
2007,396.0
2008,396.0
2009,395.0
2010,396.0
2011,395.0
2012,396.0
2013,395.0
2014,395.0
2015,395.0
2016,395.0
2017,395.0
2018,395.0
2019,395.0
2020,395.0
2021,395.0
2022,395.0
2023,395.0
2024,395.0
2025,395.0
2026,395.0
2027,395.0
2028,395.0
2029,395.0
2030,395.0
2031,395.0
2032,395.0
2033,395.0
2034,395.0
2035,394.0
2036,395.0
2037,395.0
2038,395.0
2039,395.0
2040,395.0
2041,394.0
2042,394.0
2043,394.0
2044,395.0
2045,395.0
2046,395.0
2047,394.0
2048,394.0
2049,394.0
2050,394.0
2051,394.0
2052,394.0
2053,394.0
2054,395.0
2055,394.0
2056,394.0
2057,394.0
2058,394.0
2059,394.0
2060,395.0
2061,395.0
2062,394.0
2063,394.0
2064,394.0
2065,394.0
2066,395.0
2067,394.0
2068,394.0
2069,394.0
2070,394.0
2071,394.0
2072,395.0
2073,394.0
2074,394.0
2075,394.0
2076,394.0
2077,394.0
2078,394.0
2079,394.0
2080,395.0
2081,395.0
2082,394.0
2083,394.0
2084,394.0
2085,394.0
2086,395.0
2087,395.0
2088,395.0
2089,394.0
2090,395.0
2091,395.0
2092,395.0
2093,394.0
2094,394.0
2095,395.0
2096,395.0
2097,395.0
2098,395.0
2099,395.0
2100,394.0
2101,395.0
2102,395.0
2103,395.0
2104,395.0
2105,395.0
2106,395.0
2107,395.0
2108,395.0
2109,395.0
2110,395.0
2111,395.0
2112,395.0
2113,395.0
2114,395.0
2115,395.0
2116,395.0
2117,395.0
2118,395.0
2119,395.0
2120,395.0
2121,395.0
2122,395.0
2123,395.0
2124,395.0
2125,395.0
2126,396.0
2127,395.0
2128,395.0
2129,396.0
2130,396.0
2131,396.0
2132,396.0
2133,395.0
2134,396.0
2135,396.0
2136,396.0
2137,396.0
2138,396.0
2139,396.0
2140,396.0
2141,396.0
2142,396.0
2143,396.0
2144,396.0
2145,396.0
2146,397.0
2147,397.0
2148,396.0
2149,396.0
2150,397.0
2151,397.0
2152,397.0
2153,397.0
2154,397.0
2155,397.0
2156,397.0
2157,397.0
2158,397.0
2159,397.0
2160,397.0
2161,397.0
2162,397.0
2163,397.0
2164,397.0
2165,397.0
2166,397.0
2167,397.0
2168,397.0
2169,398.0
2170,397.0
2171,398.0
2172,398.0
2173,398.0
2174,398.0
2175,398.0
2176,398.0
2177,398.0
2178,398.0
2179,398.0
2180,398.0
2181,398.0
2182,398.0
2183,398.0
2184,399.0
2185,399.0
2186,398.0
2187,399.0
2188,399.0
2189,399.0
2190,399.0
2191,399.0
2192,399.0
2193,399.0
2194,399.0
2195,399.0
2196,399.0
2197,399.0
2198,399.0
2199,399.0
2200,400.0
2201,400.0
2202,400.0
2203,400.0
2204,399.0
2205,400.0
2206,400.0
2207,400.0
2208,400.0
2209,400.0
2210,400.0
2211,400.0
2212,400.0
2213,400.0
2214,401.0
2215,401.0
2216,401.0
2217,401.0
2218,401.0
2219,400.0
2220,401.0
2221,401.0
2222,401.0
2223,401.0
2224,401.0
2225,401.0
2226,402.0
2227,401.0
2228,402.0
2229,401.0
2230,402.0
2231,402.0
2232,402.0
2233,402.0
2234,402.0
2235,402.0
2236,402.0
2237,402.0
2238,403.0
2239,403.0
2240,403.0
2241,402.0
2242,403.0
2243,403.0
2244,403.0
2245,402.0
2246,403.0
2247,403.0
2248,403.0
2249,403.0
2250,403.0
2251,404.0
2252,403.0
2253,404.0
2254,404.0
2255,404.0
2256,404.0
2257,404.0
2258,404.0
2259,404.0
2260,404.0
2261,404.0
2262,404.0
2263,404.0
2264,404.0
2265,404.0
2266,404.0
2267,405.0
2268,405.0
2269,405.0
2270,405.0
2271,405.0
2272,405.0
2273,405.0
2274,405.0
2275,405.0
2276,405.0
2277,405.0
2278,406.0
2279,406.0
2280,406.0
2281,406.0
2282,406.0
2283,406.0
2284,406.0
2285,406.0
2286,407.0
2287,406.0
2288,406.0
2289,406.0
2290,406.0
2291,406.0
2292,407.0
2293,407.0
2294,407.0
2295,407.0
2296,407.0
2297,407.0
2298,407.0
2299,407.0
2300,407.0
2301,407.0
2302,407.0
2303,408.0
2304,408.0
2305,408.0
2306,408.0
2307,408.0
2308,408.0
2309,408.0
2310,408.0
2311,408.0
2312,408.0
2313,408.0
2314,408.0
2315,408.0
2316,409.0
2317,409.0
2318,409.0
2319,409.0
2320,409.0
2321,409.0
2322,409.0
2323,409.0
2324,409.0
2325,409.0
2326,409.0
2327,409.0
2328,410.0
2329,409.0
2330,410.0
2331,410.0
2332,410.0
2333,410.0
2334,410.0
2335,410.0
2336,410.0
2337,410.0
2338,410.0
2339,410.0
2340,411.0
2341,411.0
2342,410.0
2343,410.0
2344,410.0
2345,410.0
2346,411.0
2347,411.0
2348,411.0
2349,411.0
2350,411.0
2351,411.0
2352,411.0
2353,411.0
2354,411.0
2355,411.0
2356,411.0
2357,411.0
2358,412.0
2359,412.0
2360,412.0
2361,412.0
2362,412.0
2363,412.0
2364,412.0
2365,412.0
2366,412.0
2367,412.0
2368,412.0
2369,412.0
2370,412.0
2371,412.0
2372,412.0
2373,412.0
2374,412.0
2375,412.0
2376,412.0
2377,412.0
2378,413.0
2379,413.0
2380,412.0
2381,413.0
2382,413.0
2383,413.0
2384,413.0
2385,413.0
2386,413.0
2387,413.0
2388,413.0
2389,413.0
2390,413.0
2391,413.0
2392,413.0
2393,413.0
2394,413.0
2395,413.0
2396,413.0
2397,413.0
2398,414.0
2399,414.0
2400,414.0
2401,414.0
2402,414.0
2403,414.0
2404,414.0
2405,414.0
2406,414.0
2407,413.0
2408,414.0
2409,414.0
2410,414.0
2411,414.0
2412,414.0
2413,414.0
2414,414.0
2415,414.0
2416,414.0
2417,414.0
2418,414.0
2419,414.0
2420,414.0
2421,414.0
2422,414.0
2423,414.0
2424,414.0
2425,414.0
2426,414.0
2427,414.0
2428,414.0
2429,415.0
2430,414.0
2431,414.0
2432,414.0
2433,415.0
2434,414.0
2435,415.0
2436,414.0
2437,415.0
2438,415.0
2439,415.0
2440,415.0
2441,414.0
2442,415.0
2443,415.0
2444,415.0
2445,415.0
2446,415.0
2447,415.0
2448,415.0
2449,415.0
2450,415.0
2451,415.0
2452,415.0
2453,415.0
2454,414.0
2455,414.0
2456,415.0
2457,415.0
2458,415.0
2459,415.0
2460,415.0
2461,415.0
2462,415.0
2463,415.0
2464,415.0
2465,415.0
2466,415.0
2467,415.0
2468,415.0
2469,414.0
2470,414.0
2471,414.0
2472,415.0
2473,415.0
2474,415.0
2475,415.0
2476,415.0
2477,415.0
2478,415.0
2479,415.0
2480,415.0
2481,415.0
2482,414.0
2483,415.0
2484,415.0
2485,414.0
2486,415.0
2487,414.0
2488,414.0
2489,415.0
2490,414.0
2491,414.0
2492,414.0
2493,414.0
2494,414.0
2495,414.0
2496,414.0
2497,414.0
2498,415.0
2499,414.0
2500,414.0
2501,414.0
2502,414.0
2503,414.0
2504,414.0
2505,414.0
2506,414.0
2507,414.0
2508,414.0
2509,414.0
2510,414.0
2511,414.0
2512,414.0
2513,414.0
2514,414.0
2515,414.0
2516,414.0
2517,414.0
2518,414.0
2519,414.0
2520,413.0
2521,413.0
2522,413.0
2523,413.0
2524,413.0
2525,413.0
2526,413.0
2527,413.0
2528,413.0
2529,413.0
2530,413.0
2531,413.0
2532,413.0
2533,413.0
2534,413.0
2535,413.0
2536,413.0
2537,413.0
2538,413.0
2539,413.0
2540,413.0
2541,413.0
2542,413.0
2543,413.0
2544,413.0
2545,413.0
2546,412.0
2547,412.0
2548,412.0
2549,412.0
2550,412.0
2551,412.0
2552,412.0
2553,412.0
2554,412.0
2555,412.0
2556,412.0
2557,412.0
2558,412.0
2559,412.0
2560,412.0
2561,411.0
2562,412.0
2563,412.0
2564,411.0
2565,412.0
2566,411.0
2567,411.0
2568,411.0
2569,411.0
2570,411.0
2571,411.0
2572,411.0
2573,411.0
2574,410.0
2575,410.0
2576,411.0
2577,411.0
2578,410.0
2579,410.0
2580,410.0
2581,410.0
2582,410.0
2583,410.0
2584,410.0
2585,410.0
2586,410.0
2587,410.0
2588,410.0
2589,410.0
2590,410.0
2591,410.0
2592,410.0
2593,409.0
2594,409.0
2595,409.0
2596,410.0
2597,409.0
2598,409.0
2599,409.0
2600,409.0
2601,409.0
2602,409.0
2603,409.0
2604,408.0
2605,409.0
2606,409.0
2607,408.0
2608,408.0
2609,408.0
2610,408.0
2611,408.0
2612,408.0
2613,408.0
2614,408.0
2615,408.0
2616,408.0
2617,408.0
2618,408.0
2619,407.0
2620,407.0
2621,407.0
2622,407.0
2623,407.0
2624,406.0
2625,407.0
2626,407.0
2627,407.0
2628,406.0
2629,407.0
2630,407.0
2631,406.0
2632,406.0
2633,407.0
2634,406.0
2635,406.0
2636,406.0
2637,406.0
2638,406.0
2639,406.0
2640,406.0
2641,406.0
2642,406.0
2643,405.0
2644,405.0
2645,405.0
2646,405.0
2647,405.0
2648,405.0
2649,405.0
2650,405.0
2651,405.0
2652,404.0
2653,405.0
2654,405.0
2655,405.0
2656,404.0
2657,404.0
2658,404.0
2659,404.0
2660,404.0
2661,404.0
2662,404.0
2663,404.0
2664,404.0
2665,403.0
2666,403.0
2667,404.0
2668,403.0
2669,403.0
2670,403.0
2671,403.0
2672,403.0
2673,403.0
2674,403.0
2675,403.0
2676,403.0
2677,402.0
2678,403.0
2679,402.0
2680,402.0
2681,402.0
2682,402.0
2683,402.0
2684,402.0
2685,402.0
2686,402.0
2687,402.0
2688,402.0
2689,401.0
2690,401.0
2691,401.0
2692,401.0
2693,402.0
2694,401.0
2695,402.0
2696,401.0
2697,401.0
2698,401.0
2699,401.0
2700,401.0
2701,401.0
2702,401.0
2703,400.0
2704,400.0
2705,400.0
2706,400.0
2707,400.0
2708,400.0
2709,400.0
2710,400.0
2711,400.0
2712,400.0
2713,400.0
2714,400.0
2715,400.0
2716,400.0
2717,400.0
2718,399.0
2719,400.0
2720,399.0
2721,400.0
2722,399.0
2723,399.0
2724,399.0
2725,399.0
2726,399.0
2727,399.0
2728,399.0
2729,399.0
2730,399.0
2731,399.0
2732,399.0
2733,398.0
2734,399.0
2735,399.0
2736,398.0
2737,398.0
2738,398.0
2739,398.0
2740,398.0
2741,398.0
2742,398.0
2743,398.0
2744,398.0
2745,398.0
2746,398.0
2747,398.0
2748,397.0
2749,398.0
2750,398.0
2751,397.0
2752,398.0
2753,398.0
2754,397.0
2755,397.0
2756,397.0
2757,397.0
2758,397.0
2759,397.0
2760,397.0
2761,397.0
2762,397.0
2763,397.0
2764,397.0
2765,397.0
2766,397.0
2767,397.0
2768,397.0
2769,397.0
2770,396.0
2771,396.0
2772,396.0
2773,396.0
2774,396.0
2775,396.0
2776,397.0
2777,396.0
2778,396.0
2779,396.0
2780,396.0
2781,396.0
2782,396.0
2783,396.0
2784,396.0
2785,396.0
2786,396.0
2787,396.0
2788,396.0
2789,395.0
2790,396.0
2791,395.0
2792,395.0
2793,396.0
2794,396.0
2795,395.0
2796,396.0
2797,395.0
2798,395.0
2799,395.0
2800,395.0
2801,395.0
2802,395.0
2803,396.0
2804,395.0
2805,395.0
2806,395.0
2807,395.0
2808,395.0
2809,395.0
2810,395.0
2811,395.0
2812,395.0
2813,395.0
2814,395.0
2815,395.0
2816,395.0
2817,395.0
2818,394.0
2819,395.0
2820,395.0
2821,395.0
2822,394.0
2823,395.0
2824,395.0
2825,395.0
2826,395.0
2827,394.0
2828,395.0
2829,395.0
2830,394.0
2831,395.0
2832,395.0
2833,394.0
2834,394.0
2835,394.0
2836,394.0
2837,394.0
2838,395.0
2839,395.0
2840,394.0
2841,394.0
2842,394.0
2843,394.0
2844,395.0
2845,394.0
2846,394.0
2847,394.0
2848,394.0
2849,394.0
2850,394.0
2851,395.0
2852,394.0
2853,394.0
2854,394.0
2855,394.0
2856,395.0
2857,394.0
2858,394.0
2859,395.0
2860,394.0
2861,394.0
2862,394.0
2863,394.0
2864,394.0
2865,394.0
2866,394.0
2867,395.0
2868,395.0
2869,395.0
2870,395.0
2871,394.0
2872,394.0
2873,395.0
2874,394.0
2875,395.0
2876,395.0
2877,395.0
2878,395.0
2879,395.0
2880,395.0
2881,395.0
2882,395.0
2883,395.0
2884,395.0
2885,395.0
2886,395.0
2887,395.0
2888,395.0
2889,395.0
2890,395.0
2891,395.0
2892,394.0
2893,395.0
2894,395.0
2895,395.0
2896,395.0
2897,395.0
2898,395.0
2899,395.0
2900,395.0
2901,395.0
2902,395.0
2903,396.0
2904,396.0
2905,395.0
2906,395.0
2907,395.0
2908,395.0
2909,396.0
2910,395.0
2911,395.0
2912,395.0
2913,395.0
2914,396.0
2915,396.0
2916,396.0
2917,396.0
2918,396.0
2919,396.0
2920,396.0
2921,396.0
2922,396.0
2923,396.0
2924,396.0
2925,396.0
2926,396.0
2927,396.0
2928,396.0
2929,396.0
2930,397.0
2931,397.0
2932,396.0
2933,397.0
2934,397.0
2935,397.0
2936,396.0
2937,396.0
2938,397.0
2939,397.0
2940,397.0
2941,397.0
2942,397.0
2943,397.0
2944,397.0
2945,397.0
2946,397.0
2947,397.0
2948,397.0
2949,397.0
2950,397.0
2951,398.0
2952,398.0
2953,398.0
2954,397.0
2955,398.0
2956,398.0
2957,398.0
2958,399.0
2959,398.0
2960,398.0
2961,398.0
2962,398.0
2963,398.0
2964,398.0
2965,398.0
2966,398.0
2967,398.0
2968,398.0
2969,399.0
2970,399.0
2971,399.0
2972,399.0
2973,399.0
2974,399.0
2975,399.0
2976,399.0
2977,399.0
2978,399.0
2979,399.0
2980,400.0
2981,399.0
2982,400.0
2983,399.0
2984,400.0
2985,400.0
2986,400.0
2987,400.0
2988,400.0
2989,400.0
2990,400.0
2991,400.0
2992,400.0
2993,400.0
2994,400.0
2995,400.0
2996,401.0
2997,400.0
2998,401.0
2999,401.0
3000,401.0
3001,401.0
3002,401.0
3003,401.0
3004,401.0
3005,401.0
3006,401.0
3007,401.0
3008,401.0
3009,402.0
3010,402.0
3011,402.0
3012,402.0
3013,402.0
3014,402.0
3015,402.0
3016,402.0
3017,402.0
3018,402.0
3019,403.0
3020,402.0
3021,402.0
3022,403.0
3023,403.0
3024,403.0
3025,403.0
3026,402.0
3027,403.0
3028,403.0
3029,403.0
3030,403.0
3031,403.0
3032,403.0
3033,403.0
3034,404.0
3035,404.0
3036,403.0
3037,404.0
3038,404.0
3039,404.0
3040,404.0
3041,404.0
3042,404.0
3043,404.0
3044,404.0
3045,404.0
3046,405.0
3047,405.0
3048,404.0
3049,405.0
3050,405.0
3051,405.0
3052,405.0
3053,405.0
3054,405.0
3055,405.0
3056,405.0
3057,406.0
3058,406.0
3059,405.0
3060,406.0
3061,406.0
3062,406.0
3063,406.0
3064,406.0
3065,406.0
3066,406.0
3067,406.0
3068,406.0
3069,406.0
3070,407.0
3071,407.0
3072,406.0
3073,406.0
3074,407.0
3075,407.0
3076,407.0
3077,407.0
3078,407.0
3079,407.0
3080,407.0
3081,407.0
3082,407.0
3083,407.0
3084,407.0
3085,408.0
3086,408.0
3087,408.0
3088,408.0
3089,408.0
3090,408.0
3091,408.0
3092,408.0
3093,408.0
3094,408.0
3095,408.0
3096,408.0
3097,409.0
3098,409.0
3099,409.0
3100,409.0
3101,409.0
3102,409.0
3103,409.0
3104,409.0
3105,409.0
3106,409.0
3107,409.0
3108,409.0
3109,409.0
3110,410.0
3111,409.0
3112,410.0
3113,410.0
3114,410.0
3115,410.0
3116,410.0
3117,410.0
3118,410.0
3119,410.0
3120,410.0
3121,410.0
3122,410.0
3123,410.0
3124,410.0
3125,410.0
3126,411.0
3127,411.0
3128,411.0
3129,411.0
3130,411.0
3131,411.0
3132,411.0
3133,411.0
3134,411.0
3135,411.0
3136,411.0
3137,411.0
3138,411.0
3139,411.0
3140,411.0
3141,411.0
3142,411.0
3143,412.0
3144,412.0
3145,412.0
3146,412.0
3147,412.0
3148,412.0
3149,412.0
3150,412.0
3151,412.0
3152,412.0
3153,412.0
3154,412.0
3155,412.0
3156,413.0
3157,412.0
3158,412.0
3159,412.0
3160,413.0
3161,412.0
3162,413.0
3163,413.0
3164,413.0
3165,413.0
3166,413.0
3167,413.0
3168,413.0
3169,413.0
3170,413.0
3171,413.0
3172,413.0
3173,413.0
3174,413.0
3175,413.0
3176,413.0
3177,414.0
3178,413.0
3179,414.0
3180,413.0
3181,414.0
3182,414.0
3183,414.0
3184,414.0
3185,414.0
3186,413.0
3187,414.0
3188,414.0
3189,414.0
3190,414.0
3191,414.0
3192,414.0
3193,414.0
3194,414.0
3195,414.0
3196,414.0
3197,414.0
3198,414.0
3199,414.0
3200,414.0
3201,414.0
3202,414.0
3203,414.0
3204,414.0
3205,414.0
3206,414.0
3207,414.0
3208,415.0
3209,414.0
3210,414.0
3211,414.0
3212,414.0
3213,414.0
3214,414.0
3215,414.0
3216,414.0
3217,414.0
3218,415.0
3219,415.0
3220,415.0
3221,415.0
3222,415.0
3223,415.0
3224,414.0
3225,415.0
3226,415.0
3227,415.0
3228,415.0
3229,415.0
3230,415.0
3231,414.0
3232,415.0
3233,415.0
3234,415.0
3235,415.0
3236,414.0
3237,414.0
3238,414.0
3239,415.0
3240,414.0
3241,415.0
3242,415.0
3243,415.0
3244,414.0
3245,415.0
3246,415.0
3247,415.0
3248,415.0
3249,415.0
3250,415.0
3251,414.0
3252,414.0
3253,415.0
3254,415.0
3255,415.0
3256,415.0
3257,414.0
3258,414.0
3259,415.0
3260,414.0
3261,415.0
3262,415.0
3263,414.0
3264,414.0
3265,415.0
3266,414.0
3267,415.0
3268,414.0
3269,414.0
3270,414.0
3271,414.0
3272,415.0
3273,414.0
3274,414.0
3275,414.0
3276,414.0
3277,414.0
3278,414.0
3279,414.0
3280,414.0
3281,414.0
3282,414.0
3283,414.0
3284,414.0
3285,414.0
3286,414.0
3287,414.0
3288,414.0
3289,414.0
3290,414.0
3291,414.0
3292,414.0
3293,414.0
3294,414.0
3295,414.0
3296,414.0
3297,414.0
3298,414.0
3299,414.0
3300,413.0
3301,414.0
3302,414.0
3303,414.0
3304,413.0
3305,413.0
3306,413.0
3307,413.0
3308,413.0
3309,413.0
3310,413.0
3311,413.0
3312,413.0
3313,413.0
3314,413.0
3315,413.0
3316,413.0
3317,413.0
3318,413.0
3319,413.0
3320,413.0
3321,412.0
3322,412.0
3323,412.0
3324,413.0
3325,412.0
3326,413.0
3327,412.0
3328,412.0
3329,412.0
3330,412.0
3331,412.0
3332,412.0
3333,412.0
3334,412.0
3335,412.0
3336,412.0
3337,412.0
3338,412.0
3339,412.0
3340,412.0
3341,411.0
3342,411.0
3343,411.0
3344,411.0
3345,411.0
3346,411.0
3347,411.0
3348,411.0
3349,411.0
3350,411.0
3351,411.0
3352,411.0
3353,411.0
3354,410.0
3355,410.0
3356,410.0
3357,410.0
3358,411.0
3359,411.0
3360,410.0
3361,410.0
3362,410.0
3363,410.0
3364,410.0
3365,410.0
3366,410.0
3367,410.0
3368,410.0
3369,410.0
3370,409.0
3371,409.0
3372,409.0
3373,409.0
3374,410.0
3375,410.0
3376,409.0
3377,409.0
3378,409.0
3379,409.0
3380,409.0
3381,409.0
3382,409.0
3383,409.0
3384,409.0
3385,408.0
3386,408.0
3387,408.0
3388,408.0
3389,408.0
3390,408.0
3391,408.0
3392,408.0
3393,408.0
3394,408.0
3395,408.0
3396,408.0
3397,408.0
3398,408.0
3399,408.0
3400,407.0
3401,408.0
3402,407.0
3403,407.0
3404,407.0
3405,407.0
3406,407.0
3407,407.0
3408,407.0
3409,407.0
3410,407.0
3411,407.0
3412,407.0
3413,407.0
3414,406.0
3415,406.0
3416,406.0
3417,406.0
3418,406.0
3419,406.0
3420,406.0
3421,406.0
3422,406.0
3423,406.0
3424,406.0
3425,406.0
3426,405.0
3427,405.0
3428,405.0
3429,405.0
3430,405.0
3431,405.0
3432,405.0
3433,405.0
3434,404.0
3435,405.0
3436,404.0
3437,405.0
3438,404.0
3439,404.0
3440,404.0
3441,404.0
3442,404.0
3443,404.0
3444,404.0
3445,404.0
3446,404.0
3447,404.0
3448,403.0
3449,403.0
3450,403.0
3451,403.0
3452,404.0
3453,403.0
3454,403.0
3455,403.0
3456,403.0
3457,403.0
3458,403.0
3459,402.0
3460,402.0
3461,403.0
3462,402.0
3463,403.0
3464,402.0
3465,402.0
3466,402.0
3467,402.0
3468,402.0
3469,402.0
3470,402.0
3471,402.0
3472,402.0
3473,402.0
3474,401.0
3475,401.0
3476,401.0
3477,401.0
3478,401.0
3479,401.0
3480,401.0
3481,401.0
3482,401.0
3483,401.0
3484,401.0
3485,401.0
3486,400.0
3487,400.0
3488,400.0
3489,400.0
3490,401.0
3491,400.0
3492,400.0
3493,400.0
3494,400.0
3495,400.0
3496,400.0
3497,400.0
3498,400.0
3499,399.0
3500,400.0
3501,400.0
3502,399.0
3503,399.0
3504,399.0
3505,399.0
3506,399.0
3507,399.0
3508,399.0
3509,399.0
3510,399.0
3511,399.0
3512,399.0
3513,399.0
3514,398.0
3515,399.0
3516,398.0
3517,398.0
3518,398.0
3519,398.0
3520,398.0
3521,398.0
3522,398.0
3523,398.0
3524,398.0
3525,398.0
3526,398.0
3527,398.0
3528,398.0
3529,398.0
3530,398.0
3531,397.0
3532,397.0
3533,397.0
3534,397.0
3535,398.0
3536,397.0
3537,397.0
3538,397.0
3539,397.0
3540,397.0
3541,397.0
3542,397.0
3543,397.0
3544,397.0
3545,397.0
3546,397.0
3547,396.0
3548,397.0
3549,397.0
3550,397.0
3551,396.0
3552,396.0
3553,396.0
3554,396.0
3555,396.0
3556,396.0
3557,396.0
3558,396.0
3559,396.0
3560,396.0
3561,396.0
3562,396.0
3563,396.0
3564,396.0
3565,396.0
3566,396.0
3567,396.0
3568,396.0
3569,396.0
3570,396.0
3571,396.0
3572,395.0
3573,395.0
3574,395.0
3575,395.0
3576,395.0
3577,396.0
3578,395.0
3579,395.0
3580,395.0
3581,395.0
3582,396.0
3583,395.0
3584,395.0
3585,395.0
3586,395.0
3587,395.0
3588,395.0
3589,395.0
3590,395.0
3591,395.0
3592,395.0
3593,395.0
3594,395.0
3595,395.0
3596,395.0
3597,395.0
3598,395.0
3599,395.0
3600,394.0
3601,395.0
3602,395.0
3603,395.0
3604,395.0
3605,395.0
3606,395.0
3607,394.0
3608,394.0
3609,394.0
3610,395.0
3611,394.0
3612,394.0
3613,394.0
3614,394.0
3615,394.0
3616,394.0
3617,394.0
3618,394.0
3619,395.0
3620,394.0
3621,394.0
3622,394.0
3623,394.0
3624,395.0
3625,395.0
3626,395.0
3627,394.0
3628,394.0
3629,394.0
3630,394.0
3631,394.0
3632,394.0
3633,394.0
3634,394.0
3635,394.0
3636,394.0
3637,395.0
3638,395.0
3639,394.0
3640,394.0
3641,394.0
3642,394.0
3643,394.0
3644,394.0
3645,394.0
3646,395.0
3647,394.0
3648,394.0
3649,395.0
3650,394.0
3651,395.0
3652,395.0
3653,395.0
3654,394.0
3655,394.0
3656,394.0
3657,394.0
3658,394.0
3659,394.0
3660,395.0
3661,395.0
3662,395.0
3663,395.0
3664,395.0
3665,395.0
3666,395.0
3667,395.0
3668,395.0
3669,395.0
3670,395.0
3671,395.0
3672,395.0
3673,395.0
3674,395.0
3675,395.0
3676,395.0
3677,395.0
3678,395.0
3679,395.0
3680,395.0
3681,395.0
3682,395.0
3683,395.0
3684,395.0
3685,395.0
3686,395.0
3687,396.0
3688,395.0
3689,396.0
3690,395.0
3691,395.0
3692,395.0
3693,395.0
3694,396.0
3695,395.0
3696,396.0
3697,396.0
3698,396.0
3699,396.0
3700,396.0
3701,396.0
3702,396.0
3703,396.0
3704,396.0
3705,396.0
3706,396.0
3707,396.0
3708,396.0
3709,396.0
3710,396.0
3711,397.0
3712,396.0
3713,396.0
3714,396.0
3715,397.0
3716,397.0
3717,396.0
3718,397.0
3719,397.0
3720,397.0
3721,397.0
3722,397.0
3723,397.0
3724,397.0
3725,397.0
3726,397.0
3727,397.0
3728,397.0
3729,397.0
3730,397.0
3731,398.0
3732,397.0
3733,398.0
3734,397.0
3735,397.0
3736,398.0
3737,398.0
3738,398.0
3739,398.0
3740,398.0
3741,398.0
3742,398.0
3743,398.0
3744,398.0
3745,398.0
3746,398.0
3747,398.0
3748,398.0
3749,398.0
3750,399.0
3751,399.0
3752,399.0
3753,399.0
3754,399.0
3755,399.0
3756,399.0
3757,399.0
3758,399.0
3759,399.0
3760,399.0
3761,399.0
3762,399.0
3763,400.0
3764,399.0
3765,400.0
3766,399.0
3767,400.0
3768,400.0
3769,400.0
3770,400.0
3771,400.0
3772,400.0
3773,400.0
3774,400.0
3775,400.0
3776,401.0
3777,400.0
3778,400.0
3779,400.0
3780,401.0
3781,401.0
3782,401.0
3783,401.0
3784,401.0
3785,401.0
3786,401.0
3787,401.0
3788,401.0
3789,402.0
3790,401.0
3791,401.0
3792,402.0
3793,402.0
3794,402.0
3795,402.0
3796,402.0
3797,402.0
3798,402.0
3799,402.0
3800,402.0
3801,402.0
3802,402.0
3803,402.0
3804,403.0
3805,402.0
3806,403.0
3807,403.0
3808,403.0
3809,403.0
3810,403.0
3811,403.0
3812,403.0
3813,403.0
3814,404.0
3815,403.0
3816,403.0
3817,404.0
3818,404.0
3819,404.0
3820,404.0
3821,404.0
3822,404.0
3823,404.0
3824,404.0
3825,404.0
3826,404.0
3827,404.0
3828,405.0
3829,404.0
3830,405.0
3831,405.0
3832,405.0
3833,405.0
3834,405.0
3835,405.0
3836,405.0
3837,405.0
3838,405.0
3839,405.0
3840,405.0
3841,406.0
3842,405.0
3843,406.0
3844,405.0
3845,406.0
3846,406.0
3847,406.0
3848,406.0
3849,406.0
3850,406.0
3851,406.0
3852,406.0
3853,406.0
3854,407.0
3855,406.0
3856,407.0
3857,407.0
3858,407.0
3859,407.0
3860,407.0
3861,407.0
3862,407.0
3863,407.0
3864,407.0
3865,407.0
3866,407.0
3867,408.0
3868,408.0
3869,408.0
3870,408.0
3871,408.0
3872,408.0
3873,408.0
3874,408.0
3875,408.0
3876,408.0
3877,408.0
3878,408.0
3879,408.0
3880,408.0
3881,409.0
3882,409.0
3883,409.0
3884,409.0
3885,409.0
3886,409.0
3887,409.0
3888,409.0
3889,409.0
3890,409.0
3891,409.0
3892,409.0
3893,410.0
3894,410.0
3895,410.0
3896,410.0
3897,410.0
3898,410.0
3899,410.0
3900,410.0
3901,410.0
3902,410.0
3903,410.0
3904,410.0
3905,410.0
3906,410.0
3907,410.0
3908,411.0
3909,410.0
3910,411.0
3911,411.0
3912,411.0
3913,411.0
3914,411.0
3915,411.0
3916,411.0
3917,411.0
3918,411.0
3919,411.0
3920,411.0
3921,411.0
3922,411.0
3923,411.0
3924,412.0
3925,412.0
3926,411.0
3927,412.0
3928,412.0
3929,412.0
3930,412.0
3931,412.0
3932,412.0
3933,412.0
3934,412.0
3935,412.0
3936,412.0
3937,412.0
3938,412.0
3939,412.0
3940,412.0
3941,412.0
3942,413.0
3943,413.0
3944,412.0
3945,413.0
3946,413.0
3947,413.0
3948,413.0
3949,413.0
3950,413.0
3951,413.0
3952,413.0
3953,413.0
3954,413.0
3955,413.0
3956,413.0
3957,413.0
3958,413.0
3959,413.0
3960,413.0
3961,413.0
3962,414.0
3963,413.0
3964,414.0
3965,414.0
3966,414.0
3967,414.0
3968,413.0
3969,414.0
3970,414.0
3971,414.0
3972,414.0
3973,414.0
3974,414.0
3975,414.0
3976,414.0
3977,414.0
3978,414.0
3979,414.0
3980,414.0
3981,414.0
3982,414.0
3983,414.0
3984,414.0
3985,414.0
3986,414.0
3987,414.0
3988,414.0
3989,415.0
3990,414.0
3991,414.0
3992,414.0
3993,414.0
3994,414.0
3995,414.0
3996,414.0
3997,414.0
3998,415.0
3999,414.0
4000,414.0
4001,414.0
4002,415.0
4003,414.0
4004,414.0
4005,415.0
4006,415.0
4007,414.0
4008,414.0
4009,415.0
4010,415.0
4011,415.0
4012,414.0
4013,415.0
4014,415.0
4015,415.0
4016,415.0
4017,415.0
4018,415.0
4019,415.0
4020,415.0
4021,415.0
4022,415.0
4023,415.0
4024,415.0
4025,414.0
4026,415.0
4027,415.0
4028,415.0
4029,415.0
4030,414.0
4031,415.0
4032,414.0
4033,414.0
4034,414.0
4035,415.0
4036,415.0
4037,415.0
4038,414.0
4039,415.0
4040,415.0
4041,415.0
4042,415.0
4043,415.0
4044,415.0
4045,415.0
4046,415.0
4047,415.0
4048,414.0
4049,414.0
4050,414.0
4051,414.0
4052,414.0
4053,414.0
4054,415.0
4055,415.0
4056,414.0
4057,414.0
4058,414.0
4059,414.0
4060,414.0
4061,414.0
4062,414.0
4063,414.0
4064,414.0
4065,414.0
4066,414.0
4067,414.0
4068,414.0
4069,414.0
4070,414.0
4071,414.0
4072,414.0
4073,414.0
4074,413.0
4075,414.0
4076,414.0
4077,414.0
4078,414.0
4079,414.0
4080,414.0
4081,413.0
4082,413.0
4083,414.0
4084,414.0
4085,413.0
4086,413.0
4087,413.0
4088,413.0
4089,413.0
4090,413.0
4091,413.0
4092,413.0
4093,413.0
4094,413.0
4095,413.0
4096,413.0
4097,413.0
4098,413.0
4099,413.0
4100,413.0
4101,413.0
4102,412.0
4103,412.0
4104,413.0
4105,413.0
4106,413.0
4107,413.0
4108,412.0
4109,412.0
4110,412.0
4111,412.0
4112,412.0
4113,412.0
4114,412.0
4115,412.0
4116,412.0
4117,412.0
4118,412.0
4119,412.0
4120,412.0
4121,411.0
4122,412.0
4123,412.0
4124,411.0
4125,412.0
4126,412.0
4127,411.0
4128,411.0
4129,411.0
4130,411.0
4131,411.0
4132,411.0
4133,411.0
4134,411.0
4135,411.0
4136,411.0
4137,411.0
4138,411.0
4139,411.0
4140,411.0
4141,410.0
4142,411.0
4143,410.0
4144,410.0
4145,410.0
4146,410.0
4147,410.0
4148,410.0
4149,410.0
4150,410.0
4151,410.0
4152,409.0
4153,409.0
4154,409.0
4155,409.0
4156,409.0
4157,409.0
4158,409.0
4159,409.0
4160,409.0
4161,409.0
4162,409.0
4163,409.0
4164,409.0
4165,409.0
4166,409.0
4167,408.0
4168,409.0
4169,408.0
4170,408.0
4171,408.0
4172,408.0
4173,408.0
4174,408.0
4175,408.0
4176,408.0
4177,408.0
4178,407.0
4179,407.0
4180,407.0
4181,407.0
4182,408.0
4183,408.0
4184,407.0
4185,407.0
4186,407.0
4187,407.0
4188,407.0
4189,407.0
4190,407.0
4191,406.0
4192,407.0
4193,407.0
4194,407.0
4195,406.0
4196,407.0
4197,407.0
4198,406.0
4199,406.0
4200,406.0
4201,405.0
4202,406.0
4203,406.0
4204,406.0
4205,405.0
4206,406.0
4207,405.0
4208,405.0
4209,405.0
4210,405.0
4211,405.0
4212,406.0
4213,405.0
4214,405.0
4215,405.0
4216,405.0
4217,405.0
4218,405.0
4219,405.0
4220,404.0
4221,404.0
4222,404.0
4223,404.0
4224,405.0
4225,404.0
4226,404.0
4227,404.0
4228,404.0
4229,404.0
4230,403.0
4231,404.0
4232,404.0
4233,404.0
4234,403.0
4235,403.0
4236,403.0
4237,403.0
4238,403.0
4239,403.0
4240,403.0
4241,403.0
4242,403.0
4243,403.0
4244,402.0
4245,402.0
4246,402.0
4247,402.0
4248,402.0
4249,402.0
4250,402.0
4251,402.0
4252,402.0
4253,402.0
4254,402.0
4255,402.0
4256,401.0
4257,401.0
4258,401.0
4259,401.0
4260,402.0
4261,401.0
4262,401.0
4263,401.0
4264,401.0
4265,401.0
4266,401.0
4267,401.0
4268,401.0
4269,400.0
4270,400.0
4271,400.0
4272,400.0
4273,400.0
4274,400.0
4275,400.0
4276,400.0
4277,400.0
4278,400.0
4279,400.0
4280,400.0
4281,400.0
4282,399.0
4283,399.0
4284,399.0
4285,399.0
4286,399.0
4287,399.0
4288,399.0
4289,399.0
4290,399.0
4291,399.0
4292,398.0
4293,399.0
4294,399.0
4295,398.0
4296,399.0
4297,399.0
4298,399.0
4299,398.0
4300,398.0
4301,398.0
4302,398.0
4303,398.0
4304,398.0
4305,398.0
4306,398.0
4307,397.0
4308,398.0
4309,398.0
4310,398.0
4311,398.0
4312,397.0
4313,398.0
4314,397.0
4315,397.0
4316,397.0
4317,397.0
4318,397.0
4319,397.0
4320,397.0
4321,397.0
4322,397.0
4323,397.0
4324,397.0
4325,397.0
4326,397.0
4327,397.0
4328,397.0
4329,397.0
4330,396.0
4331,397.0
4332,397.0
4333,396.0
4334,396.0
4335,396.0
4336,396.0
4337,396.0
4338,396.0
4339,396.0
4340,396.0
4341,396.0
4342,396.0
4343,396.0
4344,396.0
4345,396.0
4346,396.0
4347,396.0
4348,396.0
4349,396.0
4350,395.0
4351,395.0
4352,396.0
4353,396.0
4354,396.0
4355,395.0
4356,395.0
4357,396.0
4358,395.0
4359,395.0
4360,395.0
4361,395.0
4362,395.0
4363,395.0
4364,395.0
4365,395.0
4366,395.0
4367,395.0
4368,395.0
4369,395.0
4370,395.0
4371,395.0
4372,395.0
4373,395.0
4374,395.0
4375,395.0
4376,395.0
4377,395.0
4378,395.0
4379,395.0
4380,395.0
4381,395.0
4382,395.0
4383,395.0
4384,395.0
4385,394.0
4386,394.0
4387,395.0
4388,395.0
4389,395.0
4390,395.0
4391,395.0
4392,394.0
4393,394.0
4394,394.0
4395,395.0
4396,395.0
4397,395.0
4398,394.0
4399,394.0
4400,394.0
4401,394.0
4402,394.0
4403,394.0
4404,394.0
4405,394.0
4406,394.0
4407,394.0
4408,394.0
4409,394.0
4410,394.0
4411,394.0
4412,394.0
4413,394.0
4414,394.0
4415,394.0
4416,394.0
4417,394.0
4418,395.0
4419,394.0
4420,394.0
4421,394.0
4422,394.0
4423,394.0
4424,394.0
4425,394.0
4426,394.0
4427,395.0
4428,394.0
4429,394.0
4430,394.0
4431,394.0
4432,395.0
4433,395.0
4434,395.0
4435,394.0
4436,394.0
4437,395.0
4438,395.0
4439,395.0
4440,395.0
4441,395.0
4442,395.0
4443,395.0
4444,395.0
4445,395.0
4446,395.0
4447,394.0
4448,395.0
4449,394.0
4450,395.0
4451,395.0
4452,395.0
4453,395.0
4454,395.0
4455,395.0
4456,395.0
4457,395.0
4458,395.0
4459,395.0
4460,395.0
4461,395.0
4462,395.0
4463,395.0
4464,395.0
4465,395.0
4466,395.0
4467,395.0
4468,396.0
4469,395.0
4470,395.0
4471,395.0
4472,395.0
4473,396.0
4474,396.0
4475,396.0
4476,395.0
4477,395.0
4478,396.0
4479,396.0
4480,396.0
4481,396.0
4482,396.0
4483,396.0
4484,396.0
4485,396.0
4486,396.0
4487,396.0
4488,396.0
4489,396.0
4490,396.0
4491,396.0
4492,396.0
4493,396.0
4494,397.0
4495,396.0
4496,396.0
4497,396.0
4498,396.0
4499,397.0
4500,396.0
4501,397.0
4502,397.0
4503,397.0
4504,397.0
4505,397.0
4506,397.0
4507,397.0
4508,397.0
4509,397.0
4510,397.0
4511,397.0
4512,397.0
4513,398.0
4514,397.0
4515,397.0
4516,397.0
4517,398.0
4518,398.0
4519,398.0
4520,397.0
4521,398.0
4522,398.0
4523,398.0
4524,398.0
4525,398.0
4526,398.0
4527,398.0
4528,398.0
4529,398.0
4530,398.0
4531,399.0
4532,398.0
4533,399.0
4534,399.0
4535,399.0
4536,399.0
4537,398.0
4538,399.0
4539,399.0
4540,399.0
4541,399.0
4542,399.0
4543,399.0
4544,399.0
4545,400.0
4546,400.0
4547,399.0
4548,400.0
4549,400.0
4550,400.0
4551,400.0
4552,400.0
4553,400.0
4554,400.0
4555,400.0
4556,400.0
4557,400.0
4558,400.0
4559,400.0
4560,401.0
4561,401.0
4562,400.0
4563,401.0
4564,401.0
4565,401.0
4566,401.0
4567,401.0
4568,401.0
4569,401.0
4570,401.0
4571,401.0
4572,402.0
4573,402.0
4574,402.0
4575,402.0
4576,402.0
4577,402.0
4578,402.0
4579,402.0
4580,402.0
4581,402.0
4582,402.0
4583,402.0
4584,402.0
4585,402.0
4586,402.0
4587,403.0
4588,403.0
4589,403.0
4590,403.0
4591,403.0
4592,403.0
4593,403.0
4594,403.0
4595,403.0
4596,403.0
4597,403.0
4598,404.0
4599,404.0
4600,403.0
4601,404.0
4602,404.0
4603,404.0
4604,404.0
4605,404.0
4606,404.0
4607,404.0
4608,404.0
4609,404.0
4610,405.0
4611,405.0
4612,404.0
4613,405.0
4614,405.0
4615,405.0
4616,405.0
4617,405.0
4618,405.0
4619,405.0
4620,405.0
4621,405.0
4622,406.0
4623,406.0
4624,406.0
4625,406.0
4626,406.0
4627,406.0
4628,406.0
4629,406.0
4630,406.0
4631,406.0
4632,406.0
4633,406.0
4634,406.0
4635,406.0
4636,406.0
4637,407.0
4638,407.0
4639,407.0
4640,407.0
4641,407.0
4642,407.0
4643,407.0
4644,407.0
4645,407.0
4646,407.0
4647,407.0
4648,407.0
4649,408.0
4650,408.0
4651,408.0
4652,408.0
4653,408.0
4654,408.0
4655,409.0
4656,408.0
4657,408.0
4658,409.0
4659,408.0
4660,408.0
4661,408.0
4662,408.0
4663,409.0
4664,409.0
4665,409.0
4666,409.0
4667,409.0
4668,409.0
4669,409.0
4670,409.0
4671,409.0
4672,409.0
4673,409.0
4674,410.0
4675,409.0
4676,409.0
4677,410.0
4678,410.0
4679,410.0
4680,410.0
4681,410.0
4682,410.0
4683,410.0
4684,410.0
4685,410.0
4686,410.0
4687,410.0
4688,411.0
4689,410.0
4690,411.0
4691,410.0
4692,411.0
4693,411.0
4694,411.0
4695,411.0
4696,411.0
4697,411.0
4698,411.0
4699,411.0
4700,411.0
4701,411.0
4702,411.0
4703,412.0
4704,411.0
4705,412.0
4706,412.0
4707,412.0
4708,411.0
4709,412.0
4710,412.0
4711,412.0
4712,412.0
4713,412.0
4714,412.0
4715,412.0
4716,412.0
4717,412.0
4718,412.0
4719,413.0
4720,412.0
4721,412.0
4722,412.0
4723,413.0
4724,413.0
4725,413.0
4726,412.0
4727,412.0
4728,413.0
4729,413.0
4730,413.0
4731,413.0
4732,413.0
4733,413.0
4734,413.0
4735,413.0
4736,413.0
4737,413.0
4738,413.0
4739,413.0
4740,413.0
4741,413.0
4742,414.0
4743,414.0
4744,414.0
4745,414.0
4746,414.0
4747,414.0
4748,413.0
4749,414.0
4750,414.0
4751,414.0
4752,413.0
4753,413.0
4754,414.0
4755,414.0
4756,414.0
4757,414.0
4758,414.0
4759,414.0
4760,414.0
4761,414.0
4762,414.0
4763,414.0
4764,414.0
4765,414.0
4766,414.0
4767,414.0
4768,414.0
4769,414.0
4770,414.0
4771,414.0
4772,415.0
4773,414.0
4774,414.0
4775,414.0
4776,414.0
4777,414.0
4778,414.0
4779,414.0
4780,415.0
4781,414.0
4782,414.0
4783,415.0
4784,415.0
4785,415.0
4786,414.0
4787,415.0
4788,414.0
4789,415.0
4790,414.0
4791,415.0
4792,415.0
4793,415.0
4794,414.0
4795,415.0
4796,414.0
4797,415.0
4798,415.0
4799,414.0
4800,415.0
4801,415.0
4802,415.0
4803,415.0
4804,415.0
4805,414.0
4806,415.0
4807,414.0
4808,414.0
4809,415.0
4810,415.0
4811,415.0
4812,414.0
4813,415.0
4814,415.0
4815,415.0
4816,415.0
4817,414.0
4818,415.0
4819,415.0
4820,415.0
4821,415.0
4822,415.0
4823,414.0
4824,415.0
4825,414.0
4826,415.0
4827,414.0
4828,414.0
4829,415.0
4830,414.0
4831,414.0
4832,414.0
4833,414.0
4834,414.0
4835,414.0
4836,414.0
4837,414.0
4838,414.0
4839,414.0
4840,414.0
4841,414.0
4842,414.0
4843,414.0
4844,414.0
4845,414.0
4846,414.0
4847,414.0
4848,414.0
4849,414.0
4850,414.0
4851,414.0
4852,414.0
4853,414.0
4854,414.0
4855,414.0
4856,414.0
4857,414.0
4858,414.0
4859,414.0
4860,414.0
4861,414.0
4862,413.0
4863,414.0
4864,413.0
4865,413.0
4866,414.0
4867,413.0
4868,413.0
4869,413.0
4870,413.0
4871,413.0
4872,413.0
4873,413.0
4874,413.0
4875,413.0
4876,413.0
4877,413.0
4878,413.0
4879,413.0
4880,413.0
4881,413.0
4882,413.0
4883,413.0
4884,412.0
4885,412.0
4886,413.0
4887,413.0
4888,413.0
4889,412.0
4890,412.0
4891,412.0
4892,412.0
4893,412.0
4894,412.0
4895,412.0
4896,412.0
4897,412.0
4898,412.0
4899,412.0
4900,412.0
4901,412.0
4902,412.0
4903,412.0
4904,411.0
4905,411.0
4906,412.0
4907,411.0
4908,411.0
4909,412.0
4910,411.0
4911,411.0
4912,411.0
4913,411.0
4914,411.0
4915,411.0
4916,411.0
4917,411.0
4918,411.0
4919,411.0
4920,410.0
4921,410.0
4922,410.0
4923,410.0
4924,410.0
4925,410.0
4926,410.0
4927,410.0
4928,410.0
4929,410.0
4930,410.0
4931,410.0
4932,410.0
4933,410.0
4934,409.0
4935,410.0
4936,409.0
4937,410.0
4938,409.0
4939,410.0
4940,409.0
4941,409.0
4942,409.0
4943,409.0
4944,409.0
4945,409.0
4946,409.0
4947,409.0
4948,408.0
4949,409.0
4950,409.0
4951,409.0
4952,409.0
4953,408.0
4954,408.0
4955,408.0
4956,408.0
4957,408.0
4958,408.0
4959,408.0
4960,408.0
4961,408.0
4962,408.0
4963,407.0
4964,408.0
4965,407.0
4966,407.0
4967,407.0
4968,407.0
4969,407.0
4970,407.0
4971,407.0
4972,407.0
4973,406.0
4974,406.0
4975,407.0
4976,406.0
4977,406.0
4978,406.0
4979,406.0
4980,406.0
4981,406.0
4982,406.0
4983,406.0
4984,406.0
4985,406.0
4986,406.0
4987,406.0
4988,406.0
4989,405.0
4990,405.0
4991,405.0
4992,405.0
4993,405.0
4994,405.0
4995,405.0
4996,405.0
4997,405.0
4998,405.0
4999,404.0
